,title,company,Location,Link
0,Senior Python Developer,"Payne, Roberts and Davis","Stewartbury, AA",https://realpython.github.io/fake-jobs/jobs/ship-broker-99.html
1,Energy engineer,Vasquez-Davidson,"Christopherville, AA",https://realpython.github.io/fake-jobs/jobs/ship-broker-99.html
2,Legal executive,"Jackson, Chambers and Levy","Port Ericaburgh, AA",https://realpython.github.io/fake-jobs/jobs/ship-broker-99.html
3,Fitness centre manager,Savage-Bradley,"East Seanview, AP",https://realpython.github.io/fake-jobs/jobs/ship-broker-99.html
4,Product manager,Ramirez Inc,"North Jamieview, AP",https://realpython.github.io/fake-jobs/jobs/ship-broker-99.html
5,Medical technical officer,Rogers-Yates,"Davidville, AP",https://realpython.github.io/fake-jobs/jobs/ship-broker-99.html
6,Physiological scientist,Kramer-Klein,"South Christopher, AE",https://realpython.github.io/fake-jobs/jobs/ship-broker-99.html
7,Textile designer,Meyers-Johnson,"Port Jonathan, AE",https://realpython.github.io/fake-jobs/jobs/ship-broker-99.html
8,Television floor manager,Hughes-Williams,"Osbornetown, AE",https://realpython.github.io/fake-jobs/jobs/ship-broker-99.html
9,Waste management officer,"Jones, Williams and Villa","Scotttown, AP",https://realpython.github.io/fake-jobs/jobs/ship-broker-99.html
10,Software Engineer (Python),Garcia PLC,"Ericberg, AE",https://realpython.github.io/fake-jobs/jobs/ship-broker-99.html
11,Interpreter,Gregory and Sons,"Ramireztown, AE",https://realpython.github.io/fake-jobs/jobs/ship-broker-99.html
12,Architect,"Clark, Garcia and Sosa","Figueroaview, AA",https://realpython.github.io/fake-jobs/jobs/ship-broker-99.html
13,Meteorologist,Bush PLC,"Kelseystad, AA",https://realpython.github.io/fake-jobs/jobs/ship-broker-99.html
14,Audiological scientist,Salazar-Meyers,"Williamsburgh, AE",https://realpython.github.io/fake-jobs/jobs/ship-broker-99.html
15,English as a second language teacher,"Parker, Murphy and Brooks","Mitchellburgh, AE",https://realpython.github.io/fake-jobs/jobs/ship-broker-99.html
16,Surgeon,Cruz-Brown,"West Jessicabury, AA",https://realpython.github.io/fake-jobs/jobs/ship-broker-99.html
17,Equities trader,Macdonald-Ferguson,"Maloneshire, AE",https://realpython.github.io/fake-jobs/jobs/ship-broker-99.html
18,Newspaper journalist,"Williams, Peterson and Rojas","Johnsonton, AA",https://realpython.github.io/fake-jobs/jobs/ship-broker-99.html
19,Materials engineer,Smith and Sons,"South Davidtown, AP",https://realpython.github.io/fake-jobs/jobs/ship-broker-99.html
20,Python Programmer (Entry-Level),"Moss, Duncan and Allen","Port Sara, AE",https://realpython.github.io/fake-jobs/jobs/ship-broker-99.html
21,Product/process development scientist,Gomez-Carroll,"Marktown, AA",https://realpython.github.io/fake-jobs/jobs/ship-broker-99.html
22,"Scientist, research (maths)","Manning, Welch and Herring","Laurenland, AE",https://realpython.github.io/fake-jobs/jobs/ship-broker-99.html
23,Ecologist,"Lee, Gutierrez and Brown","Lauraton, AP",https://realpython.github.io/fake-jobs/jobs/ship-broker-99.html
24,Materials engineer,"Davis, Serrano and Cook","South Tammyberg, AP",https://realpython.github.io/fake-jobs/jobs/ship-broker-99.html
25,Historic buildings inspector/conservation officer,Smith LLC,"North Brandonville, AP",https://realpython.github.io/fake-jobs/jobs/ship-broker-99.html
26,Data scientist,Thomas Group,"Port Robertfurt, AA",https://realpython.github.io/fake-jobs/jobs/ship-broker-99.html
27,Psychiatrist,Silva-King,"Burnettbury, AE",https://realpython.github.io/fake-jobs/jobs/ship-broker-99.html
28,Structural engineer,Pierce-Long,"Herbertside, AA",https://realpython.github.io/fake-jobs/jobs/ship-broker-99.html
29,Immigration officer,Walker-Simpson,"Christopherport, AP",https://realpython.github.io/fake-jobs/jobs/ship-broker-99.html
30,Python Programmer (Entry-Level),Cooper and Sons,"West Victor, AE",https://realpython.github.io/fake-jobs/jobs/ship-broker-99.html
31,Neurosurgeon,"Donovan, Gonzalez and Figueroa","Port Aaron, AP",https://realpython.github.io/fake-jobs/jobs/ship-broker-99.html
32,Broadcast engineer,"Morgan, Butler and Bennett","Loribury, AA",https://realpython.github.io/fake-jobs/jobs/ship-broker-99.html
33,Make,Snyder-Lee,"Angelastad, AP",https://realpython.github.io/fake-jobs/jobs/ship-broker-99.html
34,"Nurse, adult",Harris PLC,"Larrytown, AE",https://realpython.github.io/fake-jobs/jobs/ship-broker-99.html
35,Air broker,Washington PLC,"West Colin, AP",https://realpython.github.io/fake-jobs/jobs/ship-broker-99.html
36,"Editor, film/video","Brown, Price and Campbell","West Stephanie, AP",https://realpython.github.io/fake-jobs/jobs/ship-broker-99.html
37,"Production assistant, radio",Mcgee PLC,"Laurentown, AP",https://realpython.github.io/fake-jobs/jobs/ship-broker-99.html
38,"Engineer, communications",Dixon Inc,"Wrightberg, AP",https://realpython.github.io/fake-jobs/jobs/ship-broker-99.html
39,Sales executive,"Thompson, Sheppard and Ward","Alberttown, AE",https://realpython.github.io/fake-jobs/jobs/ship-broker-99.html
40,Software Developer (Python),Adams-Brewer,"Brockburgh, AE",https://realpython.github.io/fake-jobs/jobs/ship-broker-99.html
41,Futures trader,Schneider-Brady,"North Jason, AE",https://realpython.github.io/fake-jobs/jobs/ship-broker-99.html
42,Tour manager,Gonzales-Frank,"Arnoldhaven, AE",https://realpython.github.io/fake-jobs/jobs/ship-broker-99.html
43,Cytogeneticist,Smith-Wong,"Lake Destiny, AP",https://realpython.github.io/fake-jobs/jobs/ship-broker-99.html
44,"Designer, multimedia",Pierce-Herrera,"South Timothyburgh, AP",https://realpython.github.io/fake-jobs/jobs/ship-broker-99.html
45,Trade union research officer,"Aguilar, Rivera and Quinn","New Jimmyton, AE",https://realpython.github.io/fake-jobs/jobs/ship-broker-99.html
46,"Chemist, analytical","Lowe, Barnes and Thomas","New Lucasbury, AP",https://realpython.github.io/fake-jobs/jobs/ship-broker-99.html
47,"Programmer, multimedia","Lewis, Gonzalez and Vasquez","Port Cory, AE",https://realpython.github.io/fake-jobs/jobs/ship-broker-99.html
48,"Engineer, broadcasting (operations)",Taylor PLC,"Gileston, AA",https://realpython.github.io/fake-jobs/jobs/ship-broker-99.html
49,"Teacher, primary school","Oliver, Jones and Ramirez","Cindyshire, AA",https://realpython.github.io/fake-jobs/jobs/ship-broker-99.html
50,Python Developer,Rivera and Sons,"East Michaelfort, AA",https://realpython.github.io/fake-jobs/jobs/ship-broker-99.html
51,Manufacturing systems engineer,Garcia PLC,"Joybury, AE",https://realpython.github.io/fake-jobs/jobs/ship-broker-99.html
52,"Producer, television/film/video","Johnson, Wells and Kramer","Emmatown, AE",https://realpython.github.io/fake-jobs/jobs/ship-broker-99.html
53,"Scientist, forensic",Gonzalez LLC,"Colehaven, AP",https://realpython.github.io/fake-jobs/jobs/ship-broker-99.html
54,Bonds trader,"Morgan, White and Macdonald","Port Coryton, AE",https://realpython.github.io/fake-jobs/jobs/ship-broker-99.html
55,Editorial assistant,Robinson-Fitzpatrick,"Amyborough, AA",https://realpython.github.io/fake-jobs/jobs/ship-broker-99.html
56,Photographer,"Waters, Wilson and Hoover","Reynoldsville, AA",https://realpython.github.io/fake-jobs/jobs/ship-broker-99.html
57,Retail banker,Hill LLC,"Port Billy, AP",https://realpython.github.io/fake-jobs/jobs/ship-broker-99.html
58,Jewellery designer,Li-Gregory,"Adamburgh, AA",https://realpython.github.io/fake-jobs/jobs/ship-broker-99.html
59,Ophthalmologist,"Fisher, Ryan and Coleman","Wilsonmouth, AA",https://realpython.github.io/fake-jobs/jobs/ship-broker-99.html
60,"Back-End Web Developer (Python, Django)",Stewart-Alexander,"South Kimberly, AA",https://realpython.github.io/fake-jobs/jobs/ship-broker-99.html
61,Licensed conveyancer,Abbott and Sons,"Benjaminland, AP",https://realpython.github.io/fake-jobs/jobs/ship-broker-99.html
62,Futures trader,"Bryant, Santana and Davenport","Zacharyport, AA",https://realpython.github.io/fake-jobs/jobs/ship-broker-99.html
63,Counselling psychologist,Smith PLC,"Port Devonville, AE",https://realpython.github.io/fake-jobs/jobs/ship-broker-99.html
64,Insurance underwriter,Patterson-Singh,"East Thomas, AE",https://realpython.github.io/fake-jobs/jobs/ship-broker-99.html
65,"Engineer, automotive",Martinez-Berry,"New Jeffrey, AP",https://realpython.github.io/fake-jobs/jobs/ship-broker-99.html
66,"Producer, radio","May, Taylor and Fisher","Davidside, AA",https://realpython.github.io/fake-jobs/jobs/ship-broker-99.html
67,Dispensing optician,"Bailey, Owen and Thompson","Jamesville, AA",https://realpython.github.io/fake-jobs/jobs/ship-broker-99.html
68,"Designer, fashion/clothing",Vasquez Ltd,"New Kelly, AP",https://realpython.github.io/fake-jobs/jobs/ship-broker-99.html
69,Chartered loss adjuster,Leblanc LLC,"Lake Antonio, AA",https://realpython.github.io/fake-jobs/jobs/ship-broker-99.html
70,"Back-End Web Developer (Python, Django)","Jackson, Ali and Mckee","New Elizabethside, AA",https://realpython.github.io/fake-jobs/jobs/ship-broker-99.html
71,Forest/woodland manager,"Blankenship, Knight and Powell","Millsbury, AE",https://realpython.github.io/fake-jobs/jobs/ship-broker-99.html
72,Clinical cytogeneticist,"Patton, Haynes and Jones","Lloydton, AP",https://realpython.github.io/fake-jobs/jobs/ship-broker-99.html
73,Print production planner,Wood Inc,"Port Jeremy, AA",https://realpython.github.io/fake-jobs/jobs/ship-broker-99.html
74,Systems developer,Collins Group,"New Elizabethtown, AA",https://realpython.github.io/fake-jobs/jobs/ship-broker-99.html
75,Graphic designer,Flores-Nelson,"Charlesstad, AE",https://realpython.github.io/fake-jobs/jobs/ship-broker-99.html
76,Writer,"Mitchell, Jones and Olson","Josephbury, AE",https://realpython.github.io/fake-jobs/jobs/ship-broker-99.html
77,Field seismologist,Howard Group,"Seanfurt, AA",https://realpython.github.io/fake-jobs/jobs/ship-broker-99.html
78,Chief Strategy Officer,Kramer-Edwards,"Williambury, AA",https://realpython.github.io/fake-jobs/jobs/ship-broker-99.html
79,Air cabin crew,Berry-Houston,"South Jorgeside, AP",https://realpython.github.io/fake-jobs/jobs/ship-broker-99.html
80,Python Programmer (Entry-Level),Mathews Inc,"Robertborough, AP",https://realpython.github.io/fake-jobs/jobs/ship-broker-99.html
81,Warden/ranger,Riley-Johnson,"South Saratown, AP",https://realpython.github.io/fake-jobs/jobs/ship-broker-99.html
82,Sports therapist,Spencer and Sons,"Hullview, AA",https://realpython.github.io/fake-jobs/jobs/ship-broker-99.html
83,Arts development officer,Camacho-Sanchez,"Philipland, AP",https://realpython.github.io/fake-jobs/jobs/ship-broker-99.html
84,Printmaker,Oliver and Sons,"North Patty, AE",https://realpython.github.io/fake-jobs/jobs/ship-broker-99.html
85,Health and safety adviser,Eaton PLC,"North Stephen, AE",https://realpython.github.io/fake-jobs/jobs/ship-broker-99.html
86,Manufacturing systems engineer,Stanley-Frederick,"Stevensland, AP",https://realpython.github.io/fake-jobs/jobs/ship-broker-99.html
87,"Programmer, applications",Bradley LLC,"Reyesstad, AE",https://realpython.github.io/fake-jobs/jobs/ship-broker-99.html
88,Medical physicist,"Parker, Goodwin and Zavala","Bellberg, AP",https://realpython.github.io/fake-jobs/jobs/ship-broker-99.html
89,Media planner,Kim-Miles,"North Johnland, AE",https://realpython.github.io/fake-jobs/jobs/ship-broker-99.html
90,Software Developer (Python),Moreno-Rodriguez,"Martinezburgh, AE",https://realpython.github.io/fake-jobs/jobs/ship-broker-99.html
91,"Surveyor, land/geomatics",Brown-Ortiz,"Joshuatown, AE",https://realpython.github.io/fake-jobs/jobs/ship-broker-99.html
92,Legal executive,Hartman PLC,"West Ericstad, AA",https://realpython.github.io/fake-jobs/jobs/ship-broker-99.html
93,"Librarian, academic",Brooks Inc,"Tuckertown, AE",https://realpython.github.io/fake-jobs/jobs/ship-broker-99.html
94,Barrister,Washington-Castillo,"Perezton, AE",https://realpython.github.io/fake-jobs/jobs/ship-broker-99.html
95,Museum/gallery exhibitions officer,"Nguyen, Yoder and Petty","Lake Abigail, AE",https://realpython.github.io/fake-jobs/jobs/ship-broker-99.html
96,"Radiographer, diagnostic",Holder LLC,"Jacobshire, AP",https://realpython.github.io/fake-jobs/jobs/ship-broker-99.html
97,Database administrator,Yates-Ferguson,"Port Susan, AE",https://realpython.github.io/fake-jobs/jobs/ship-broker-99.html
98,Furniture designer,Ortega-Lawrence,"North Tiffany, AA",https://realpython.github.io/fake-jobs/jobs/ship-broker-99.html
99,Ship broker,"Fuentes, Walls and Castro","Michelleville, AP",https://realpython.github.io/fake-jobs/jobs/ship-broker-99.html
